{"initial_reset_timestamp": 1558471093.0884056, "timestamps": [1558471098.5962894], "episode_lengths": [90], "episode_rewards": [-90.0], "episode_types": ["t"]}